No.,geographic location,,,,,spatial form,,,site selecting,,,,process of construction,,,,,,notes,
,city,circuit,prefecture,county,order,water body,range,mark,distance from the city,close to traffic hubs,connected with existing waters,combined with scenic areas,year of construction/renovation (reign era),year of construction/renovation (common era),construction or renovation,Identity of the Founder,collabrating with religious organisations,economising resources and caring for the people,data source,orginal text
1,Fuzhou,Fujian Circuit,Fuzhou,,1,lake or pond,unknown,unknown,inside,no,unknown,yes,unknown,unknown,unknow,unknown,yes,unknown,£¨ºëÖÎ£©°Ë_Í¨Ö¾87¾í °Ë_Í¨_¾íÖ®ËÄ Ã÷ºëÖÎ¿Ì±¾,·ÅÉú³Ø°´¿¤ÒØÖ®ÓĞ·ÅÉú³Ø¸ÇËÎÌììû__Ö®ÖÆÒ²____ÈÕ¿¤ÊØÂÊÁÅÊôÃü_Á÷·ÅÉúÒÔ×£_ÒÑÉÏ¾ãÔÚ_Ê¯É½ÖĞ
2,Fuqing,Fujian Circuit,Fuzhou,Fuqing County,1,lake or pond,within 2 li,others,more than 10 li outside,no,yes,no,the Tianxi Period,1017-1021,initial construction,unknown,unknown,unknown,£¨¼Î¾¸£©¸£Çå_Ö¾_ÂÔ18¾í ¸£Çå_Ö¾__¾íÖ®Ò» Ã÷¼Î¾¸¶şÊ®ÁùÄê¿¯±¾,·ÅÉú³Ø ËÎÌìÙÒÔªÄê¶¡ËÈ_ÌìÏÂÖİ_Á¢·ÅÉú³ØÒØÖ÷ÒÔÏé·û_ÀÉ_Öª_Ëù_ÀÉ¹Ùºş_Ö®ºş½ü_ÇàÉ½¹ÊÊ¿Ãñ½Ô__Óğì¶´ËÉÏÓĞÀÉ¹ÙÃíÆäÔ´×Ô_Ê¯_Ê¯__ì¶´ËÏÂ×¢Èë½­
3,Jianning,Fujian Circuit,Jianning Prefecture,,1,river or stream,2-10 li,pavilion,no more than 3 li outside,yes,yes,no,the Tianxi Period,1017-1021,initial construction,unknown,unknown,unknown,£¨¼Î¾¸£©½¨_¸®Ö¾21¾í ½¨_¸®Ö¾¾íÖ®¶şÊ® Ã÷¼Î¾¸¶şÊ®Äê¿Ì±¾,·ÅÉúÍ¤ ÔÚÆ½Õş_×óËÎÌììû_½¨ ·ÅÉú³Ø ³õ_ÖÃ²»Ò»_ÒÔÆ½Õş__´¨Í¤ÏÂ_ÏªºÏÁ÷__Ö®
4,Chong'an,Fujian Circuit,Jianning Prefecture,Chongan County,1,river or stream,unknown,others,more than 10 li outside,no,yes,yes,the Duanping Period,1234-1236,initial construction,unknown,unknown,unknown,£¨³ç_£©__154¾í __¾íÖ®Ê®Îå Ã÷³ç_¿Ì±¾,³Ç__ÔÚÁùÇúÏªÄÏ_ÖÅ_Ø¨Îå°Ù_ÕÉ_È»_Ì¹åÆÏª_¿ÉÌİ¶øµÇÏÂ_ÖÁÊ¯¹Ä¶ÉËÎ¶ËÆ½¼×ÎçÌìÖĞ_³¯Ö¼ÓÚ´Ë½¨õ´·ÅÉú²¢½û²¶_
5,South Jianzhou,Fujian Circuit,South Jianzhou,,1,lake or pond,within 2 li,pavilion,inside,no,unknown,no,unknown,unknown,unknow,unknown,unknown,unknown,£¨ºëÖÎ£©°Ë_Í¨Ö¾87¾í °Ë_Í¨_¾íÖ®¾Å Ã÷ºëÖÎ¿Ì±¾,·ÅÉú³Ø Ò»ÔÚ¸®³Ç_Ó­¶÷Í¤Ö®Ç°__ËÎÄÏ_Öİ·ÅÉú³ØÒ»ÔÚÏªÄÏĞşÃî_ÏÂ__ËÎ_ÆÖ_·ÅÉú³Ø¼´_Ì¶ÉÏÏÂË®Éî_½û_²¶ 
6,Youxi,Fujian Circuit,South Jianzhou,Youxi County,1,lake or pond,within 2 li,unknown,no more than 3 li outside,yes,unknown,no,unknown,unknown,unknow,county chief,unknown,unknown,£¨¼Î¾¸£©ÓÈÏª_Ö¾7¾í ÓÈÏª_Ö¾¾íÖ®Ò» Ã÷¼Î¾¸¿Ì±¾,³Ø·ÅÉú __ÍâËÎÖª_±ûÁ¢Ê¯½û²¶_ 
7,Jianpu,Fujian Circuit,South Jianzhou,Jianpu County,1,lake or pond,within 2 li,others,no more than 3 li outside,no,unknown,no,unknown,unknown,unknow,unknown,yes,unknown,£¨ºëÖÎ£©°Ë_Í¨Ö¾87¾í °Ë_Í¨_¾íÖ®¾Å Ã÷ºëÖÎ¿Ì±¾,·ÅÉú³Ø Ò»ÔÚ¸®³Ç_Ó­¶÷Í¤Ö®Ç°__ËÎÄÏ_Öİ·ÅÉú³ØÒ»ÔÚÏªÄÏĞşÃî_ÏÂ__ËÎ_ÆÖ_·ÅÉú³Ø¼´_Ì¶ÉÏÏÂË®Éî_½û_²¶ 
8,Shaxian,Fujian Circuit,South Jianzhou,Shaxian County,1,lake or pond,within 2 li,unknown,inside,no,unknown,no,unknown,unknown,unknow,unknown,unknown,unknown,£¨ºëÖÎ£©°Ë_Í¨Ö¾87¾í °Ë_Í¨_¾íÖ®Ê® Ã÷ºëÖÎ¿Ì±¾,·ÅÉú³Ø ÔÚ_ÖÎÎ÷ËÎÃû×£_³Ø
9,Shunchang,Fujian Circuit,South Jianzhou,Shunchang County,1,river or stream,2-10 li,others,no more than 3 li outside,no,yes,no,unknown,unknown,unknow,unknown,unknown,unknown,£¨ºëÖÎ£©°Ë_Í¨Ö¾87¾í °Ë_Í¨_¾íÖ®Ê® Ã÷ºëÖÎ¿Ì±¾,·ÅÉú³Ø ¼´_Ç°´óÏªËÎ_ÒÔÉÏÏÂÎåÀï_³Ø½û_²¶_ÔÚÕı_ÔºÇ°
10,Jinjiang,Fujian Circuit,Quanzhou,Jinjiang County,1,lake or pond,within 2 li,pavilion,no more than 3 li outside,no,yes,yes,the Qingyuan Period,1195-1201,initial construction,prefecture chief,yes,unknown,£¨Ç¬Â¡£©_½­_Ö¾16¾í _½­_Ö¾¾íÖ®Ê®Îå ÇåÇ¬Â¡ÈıÊ®Äê¿¯±¾,×£__Ôº ÔÚÈÊ__Íâ_ºşÉÏËÎ_Ôª_¿¤ÊØ__½¨ÒÔºş_·ÅÉú³Ø_Í¤ÆäÉÏ_Ô»¶÷²¨½ñ_ 
11,Xianyou,Fujian Circuit,Xinghua Military Prefecture,Xianyou County,1,lake or pond,within 2 li,pavilion,no more than 3 li outside,no,unknown,no,the 4th year of the Qiandao Period,1168,renovation or relocation and reconstruction,county chief,unknown,unknown,£¨ºëÖÎ£©°Ë_Í¨Ö¾87¾í °Ë_Í¨_¾íÖ®ÆßÊ®ËÄ Ã÷ºëÖÎ¿Ì±¾,¶÷²¨Í¤ ÔÚ_ÖÎÎ÷¶ş°Ù²½_Î÷ÌÁÖ®_ÌÁ¾Ã_ÒØÃñÇÖ_ËÎÇ¬µÀËÄÄêÖª____ÕıÖ®__·ÅÉú³Ø¶ø×÷Í¤ÆäÉÏÊÇ_Èğ_ÉúÒòÃûÍ¤Ô»Èğ_´¾_ÈıÄêÖª_²Ì´Î_ÖØ½¨Ò×½ñÃû½ñ_
12,Zhangpu,Fujian Circuit,Zhangzhou,Zhangpu County,1,lake or pond,within 2 li,unknown,no more than 3 li outside,yes,unknown,no,unknown,unknown,unknow,unknown,unknown,unknown,£¨__£©ÕÄÖİ¸®Ö¾33¾í ÕÄÖİ¸®Ö¾¾íÖ®Ê®¾Å Ã÷__ÔªÄê¿Ì±¾,·ÅÉú³Ø ÔÚ_Êø_Íâ_ÔÚ±±_ÍâÈıÀï_ËÎ¼Î¶¨ĞÁÎ´ÒØÁî__ÒÆ½ñËù_Í¤ÆäÉÏÔ»ÃÀ_Á¢Ê¯³Ø×óØ©Ïà_ÖÒ¶¨¹«_·ÅÉú³ØÈı´ó×Ö¿ÌÊ¯áá___ĞÂ_Î÷ºşÓû_ÆäÉÛÒÙÈ»²»_ËìÖ¹³Ø½ñ°ëÓÙ_ÃñÌï
13,Zhangpu,Fujian Circuit,Zhangzhou,Zhangpu County,2,lake or pond,within 2 li,pavilion,no more than 3 li outside,yes,unknown,no,the Jiading Period,1208-1224,renovation or relocation and reconstruction,county chief,unknown,unknown,£¨__£©ÕÄÖİ¸®Ö¾33¾í ÕÄÖİ¸®Ö¾¾íÖ®Ê®¾Å Ã÷__ÔªÄê¿Ì±¾,·ÅÉú³Ø ÔÚ_Êø_Íâ_ÔÚ±±_ÍâÈıÀï_ËÎ¼Î¶¨ĞÁÎ´ÒØÁî__ÒÆ½ñËù_Í¤ÆäÉÏÔ»ÃÀ_Á¢Ê¯³Ø×óØ©Ïà_ÖÒ¶¨¹«_·ÅÉú³ØÈı´ó×Ö¿ÌÊ¯áá___ĞÂ_Î÷ºşÓû_ÆäÉÛÒÙÈ»²»_ËìÖ¹³Ø½ñ°ëÓÙ_ÃñÌï
14,Changtai,Fujian Circuit,Zhangzhou,Changtai County,1,lake or pond,within 2 li,unknown,inside,no,no,no,the Chunxi Period,1174-1189,initial construction,unknown,unknown,unknown,£¨__£©ÕÄÖİ¸®Ö¾33¾í ÕÄÖİ¸®Ö¾¾íÖ®¶şÊ®Èı Ã÷__ÔªÄê¿Ì±¾,·ÅÉú³Ø ÔÚ_µ½ÌÁ_ËÎ´¾_ĞÁº¥ÁîÁÖ±û_¼Î¶¨_Áî»ÆÃÏÓÀ_ÓÚ³¯¾©__½ñ_
15,Changtai,Fujian Circuit,Zhangzhou,Changtai County,2,river or stream,unknown,bridge,inside,yes,yes,no,the Jiading Period,1208-1224,renovation or relocation and reconstruction,unknown,unknown,unknown,£¨__£©ÕÄÖİ¸®Ö¾33¾í ÕÄÖİ¸®Ö¾¾íÖ®¶şÊ®Èı Ã÷__ÔªÄê¿Ì±¾,·ÅÉú³Ø ÔÚ_µ½ÌÁ_ËÎ´¾_ĞÁº¥ÁîÁÖ±û_¼Î¶¨_Áî»ÆÃÏÓÀ_ÓÚ³¯¾©__½ñ_
16,Chaozhou,Guangnan East Circuit,Chaozhou,,1,river or stream,2-10 li,hall,no more than 3 li outside,no,yes,no,the 2rd year of the Qiandao Period,1166,renovation or relocation and reconstruction,prefecture chief,no,unknown,¡¶È«ËÎÎÄµÚÒ»°Ù°ËÊ®Áù²á¡¤¾íËÄ_°ËËÄ¡¤·ÅÉú³Ø¼Ç¡·,
17,Meizhou,Guangnan East Circuit,Meizhou,,1,lake or pond,within 2 li,pavilion,unknown,unknown,unknown,unknown,unknown,unknown,unknow,unknown,no,unknown,¡¶ÓßµØ¼ÍÊ¤¡¤¾íµÚÒ»°Ù¶ş¡¤¾°ÎïÉÏ¡·,
18,South Xiongzhou,Guangnan East Circuit,South Xiongzhou,,1,lake or pond,within 2 li,unknown,inside,no,unknown,no,unknown,unknown,unknow,unknown,unknown,unknown,£¨__£©__Í¨Ö¾72¾í __Í¨Ö¾¾íÖ®ÈıÊ®¶ş Ã÷__ÈıÊ®Äê¿Ì±¾,·ÅÉú³Ø ËÎÔÚ³Ç±±Ò×ºÔ´¾_³õ_Æ½Õş_ÍâÎåÀï½­Ë®ÉÏÏÂ½ûÃñ_î¹
19,South Xiongzhou,Guangnan East Circuit,South Xiongzhou,,2,river or stream,2-10 li,others,no more than 3 li outside,yes,yes,no,the Chunxi Period,1174-1189,renovation or relocation and reconstruction,unknown,unknown,unknown,£¨__£©__Í¨Ö¾72¾í __Í¨Ö¾¾íÖ®ÈıÊ®¶ş Ã÷__ÈıÊ®Äê¿Ì±¾,·ÅÉú³Ø ËÎÔÚ³Ç±±Ò×ºÔ´¾_³õ_Æ½Õş_ÍâÎåÀï½­Ë®ÉÏÏÂ½ûÃñ_î¹
20,Zhaoqing,Guangnan East Circuit,Zhaoqing Prefecture,,1,lake or pond,within 2 li,pavilion,inside,no,unknown,no,the Xianchun Period,1265-1274,renovation or relocation and reconstruction,unknown,unknown,unknown,£¨__£©__Í¨Ö¾72¾í __Í¨Ö¾¾íÖ®ËÄÊ®Æß Ã÷__ÈıÊ®Äê¿Ì±¾,·ÅÉú³Ø _Ö¾ÔÚ¸®ÖÎÎ÷ÄÏÓç³ØÉÏÓĞÍ¤ËÎÏÌ´¾¶şÄê¿¤ÊØ_³ç¡õ½¨áá_¼ÎÌ©Òô_ºî_Ö®
21,Zhaoqing,Guangnan East Circuit,Zhaoqing Prefecture,,1,river or stream,unknown,pavilion,no more than 3 li outside,no,yes,yes,the 9th year of the Chunyou Period,1249,renovation or relocation and reconstruction,prefecture chief,no,unknown,¡¶È«ËÎÎÄµÚÈı°ÙËÄÊ®ËÄ²á¡¤¾íÆß¾ÅËÄÈı¡¤ÕØÇì¸®·ÅÉúÏÌÈôÍ¤¼Ç¡·,ÔÚÆßĞÇÑÒ
22,Jingjiang,Guangnan West Circuit,Jiangjiang Prefecture,,1,lake or pond,2-10 li,unknown,no more than 3 li outside,no,yes,yes,the Chunxi Period,1174-1189,initial construction,others,unknown,unknown,£¨¼Î¾¸£©_Î÷Í¨Ö¾60¾í _Î÷Í¨Ö¾¾íµÚÊ®¶ş Ã÷¼Î¾¸Ê®Äê¿Ì±¾,Î÷ºşÔÚ³ÇÎ÷ÈıÀïÎ÷É½Ö®ÏÂ_¡õ_É½Áù¶´_Æß°Ù__ÔÚÌÆÃûÆäÔ´_ÃÉÈªÆäÁ÷_ÏæÇåºş¾Ã_ËÎÇ¬µÀ__ÂÔ___¶·____´¾Îõ____ÊÃÒÔ_·ÅÉú³ØÔª¼¾_Ìï_ÒÓ
23,Yongfu,Guangnan West Circuit,Jiangjiang Prefecture,Yongfu County,1,lake or pond,within 2 li,others,inside,no,unknown,no,the Jiading Period,1208-1224,initial construction,county chief,yes,unknown,£¨__£©ÓÀ¸£_Ö¾6¾í ÓÀ¸£_Ö¾¾íÖ®Ò» _±¾,·ÅÉú³Ø¶şÒ»ÔÚÖØ¹âËÂ___Ç°ËÎÖª__°²ÀÏÁ¢·ÅÉú³Ø½ç±®ÔÚ___Ç°
24,Haikang,Guangnan West Circuit,Leizhou,Haikang County,1,lake or pond,2-10 li,unknown,no more than 3 li outside,no,yes,no,the Duanping Period,1234-1236,initial construction,others,unknown,unknown,£¨__£©À×Öİ¸®Ö¾22¾í À×Öİ¸®Ö¾¾íÖ®Èı Ã÷__ËÄÊ®¶şÄê¿Ì±¾,·ÅÉú³Ø _Î÷ºşËÎ¶ËÆ½Äê_ÌáĞÌ_çıÁ¢Ôª_
25,Suixi,Guangnan West Circuit,Leizhou,Suixi County,1,lake or pond,within 2 li,unknown,no more than 3 li outside,no,yes,no,the Xianchun Period,1265-1274,initial construction,prefecture chief,unknown,unknown,£¨__£©À×Öİ¸®Ö¾22¾í À×Öİ¸®Ö¾¾íÖ®Èı Ã÷__ËÄÊ®¶şÄê¿Ì±¾,·ÅÉú³Ø _ÄÏËÎ¿¤ÊØ_´óÕğì¶°øÌÁË®____³Øáá_
26,Qiongzhou,Guangnan West Circuit,Qiongzhuo,,1,lake or pond,within 2 li,others,no more than 3 li outside,no,unknown,no,unknown,unknown,unknow,unknown,no,unknown,¡¶ÓßµØ¼ÍÊ¤¡¤¾íµÚÒ»°Ù¶şÊ®ËÄ¡¤¾°ÎïÏÂ¡·,
27,Chuzhou,Huainan East Circuit,Chuzhou,,1,lake or pond,within 2 li,pavilion,no more than 3 li outside,no,unknown,no,unknown,unknown,unknow,unknown,no,unknown,¡¶ÓßµØ¼ÍÊ¤¡¤¾íµÚÈıÊ®¾Å¡¤¾°ÎïÉÏ¡·,
28,Taizhou,Huainan East Circuit,Taizhou,,1,lake or pond,within 2 li,unknown,inside,no,unknown,no,unknown,unknown,unknow,unknown,yes,unknown,¡¶ÓßµØ¼ÍÊ¤¡¤¾íµÚËÄÊ®¡¤¾°ÎïÏÂ¡·,ÔÚ×Ê¸£Ôº
29,Tongzhou,Huainan East Circuit,Tongzhou,,1,river or stream,more than 10 li,unknown,no more than 3 li outside,no,yes,no,the 12th year of the Shaoxing Period,1142,initial construction,prefecture chief,no,unknown,¡¶È«ËÎÎÄµÚÒ»°Ù°ËÊ®¶ş²á¡¤¾íÈı¾Å¾ÅËÄ¡¤·ÅÉú³Ø¼Ç¡·,
30,Zhenzhou,Huainan East Circuit,Zhenzhou,,1,lake or pond,2-10 li,others,no more than 3 li outside,no,yes,no,the 5th year of Jiading Period,1212,initial construction,prefecture chief,no,unknown,¡¶È«ËÎÎÄµÚÈı°ÙÁù²á¡¤¾íÁù¾ÅÆßÁù¡¤·ÅÉú³Ø¼Ç¡·,ÒòÚòÎª³Ø
31,Luhe,Huainan East Circuit,Taizhou,Luhe County,1,lake or pond,within 2 li,unknown,3-10 li outside,no,unknown,no,unknown,unknown,unknow,unknown,no,unknown,¡¶ÓßµØ¼ÍÊ¤¡¤¾íµÚÈıÊ®°Ë¡¤¾°ÎïÉÏ¡·,
32,Guangde,Jiangnan East Circuit,Guangde Military Prefecture,,1,lake or pond,within 2 li,others,inside,no,unknown,no,unknown,unknown,unknow,unknown,no,yes,¡¶È«ËÎÎÄµÚ¶ş°Ù¶şÊ®Èı²á¡¤¾íËÄ¾ÅËÄÈı¡¤¹ãµÂ¾ü·ÅÉú³Ø¼Ç¡·,
33,Guangde,Jiangnan East Circuit,Guangde Military Prefecture,,2,river or stream,within 2 li,hall,inside,no,yes,yes,the 2rd year of the Qingyuan Period,1196,renovation or relocation and reconstruction,prefecture chief,no,yes,¡¶È«ËÎÎÄµÚ¶ş°Ù¶şÊ®Èı²á¡¤¾íËÄ¾ÅËÄÈı¡¤¹ãµÂ¾ü·ÅÉú³Ø¼Ç¡·,
34,Jianping,Jiangnan East Circuit,Guangde Military Prefecture,Jianping County,1,river or stream,within 2 li,pavilion,no more than 3 li outside,no,yes,no,the Chunxi Period,1174-1189,initial construction,county chief,unknown,unknown,£¨¼Î¾¸£©½¨Æ½_Ö¾9¾í ½¨Æ½_Ö¾¾íÖ®Ò» Ã÷¼Î¾¸¿Ì±¾,·ÅÉú³ØÔÚÀÉÏª_Ò±Ö®Ç°ËÎ´¾_ÔªÄêÖª__Ñå_·Ö_Ïª½ç_ÖÁ_Ç°Î÷ÖÁ_»İ_°ñ_·ÅÉú³Ø´¾_¶şÄêÖª__Ê®ÄÜ½¨Í¤ÆäÉÏ½ñÍ¤_³Ø´æ_±®_
35,Huizhou,Jiangnan East Circuit,Huizhou,,1,lake or pond,within 2 li,hall,inside,no,unknown,no,the Tianxi Period,1017-1021,initial construction,unknown,no,unknown,¡¶ĞÂ°²Ö¾¡¤¾íÒ»¡·,·ÅÉú³Ø_³¯ÒòÌÆÖ®ÖÆÌììûÔªÄê_»´ÄÏ½­Õã¾£ºş_·ÅÉú³Ø_ÕßÏ¤_Ö®Ôª_³Ø_ÑØ½­»´Öİ_½ü³ÇÉÏÏÂ¸÷ÎåÀï_½û_²¶__Ê®ÈıÄê_ÌìÏÂ¿¤¸÷_³Ø¶ø_ÒÔ__ÈÕ___ÆäÖĞÒÔ__ÈëÕß_Èç_ì¶ÊÇ¿¤_³ÇÎ÷_µØÒÔ__ÖÁÊ®°ËÄêÉĞ_ÀÉÕÂ_Ôö_Ö®×÷¶÷²¨ÌÃºÃÉú__Ö®Í¤ááÊ®_ÄêÎİ_ÏªÁÊ_È¥ÉĞ_ÀÉ_ºî_ĞÂÆäÌÃ¶ø³Ø_´ºÏÄÍùÍù_Ïª_¶¬ÔÂË®Èª___Ëù_Ç¬µÀ°ËÄêÃØ__ºîáãÌÃì¶ÆäÓÒ°Ù_óòÖñÖĞ¿ºË¬Ö®µØ¶ø_ÏªÁ÷ÒÔ·ÅÉúÈçÌììû¹ÊÊÂ
36,Huizhou,Jiangnan East Circuit,Huizhou,,2,river or stream,unknown,hall,inside,no,yes,no,the 8th year of the Qiandao Period,1172,renovation or relocation and reconstruction,others,no,unknown,¡¶ĞÂ°²Ö¾¡¤¾íÒ»¡·,·ÅÉú³Ø_³¯ÒòÌÆÖ®ÖÆÌììûÔªÄê_»´ÄÏ½­Õã¾£ºş_·ÅÉú³Ø_ÕßÏ¤_Ö®Ôª_³Ø_ÑØ½­»´Öİ_½ü³ÇÉÏÏÂ¸÷ÎåÀï_½û_²¶__Ê®ÈıÄê_ÌìÏÂ¿¤¸÷_³Ø¶ø_ÒÔ__ÈÕ___ÆäÖĞÒÔ__ÈëÕß_Èç_ì¶ÊÇ¿¤_³ÇÎ÷_µØÒÔ__ÖÁÊ®°ËÄêÉĞ_ÀÉÕÂ_Ôö_Ö®×÷¶÷²¨ÌÃºÃÉú__Ö®Í¤ááÊ®_ÄêÎİ_ÏªÁÊ_È¥ÉĞ_ÀÉ_ºî_ĞÂÆäÌÃ¶ø³Ø_´ºÏÄÍùÍù_Ïª_¶¬ÔÂË®Èª___Ëù_Ç¬µÀ°ËÄêÃØ__ºîáãÌÃì¶ÆäÓÒ°Ù_óòÖñÖĞ¿ºË¬Ö®µØ¶ø_ÏªÁ÷ÒÔ·ÅÉúÈçÌììû¹ÊÊÂ
37,Jixi,Jiangnan East Circuit,Huizhou,Jixi County,1,lake or pond,within 2 li,unknown,inside,no,yes,no,unknown,unknown,unknow,unknown,no,unknown,¡¶ĞÂ°²Ö¾¡¤¾íÎå¡·,·ÅÉú³ØÔÚ_±±Ô´Í¨_Úé¿É__
38,Jiankang,Jiangnan East Circuit,Jiankang Prefecture,,1,lake or pond,within 2 li,unknown,inside,no,unknown,no,unknown,unknown,unknow,unknown,no,unknown,¡¶¾°¶¨½¨¿µÖ¾¡¤¾íÊ®¾ÅÉ½´¨Ö¾Èı¡·,"·ÅÉú³Ø°¸___ÌÆÇ¬ÔªÖĞ_ì¶½­_ÇØ»´Ì«Æ½__½­_¹ùÉÏÏÂÎåÀïÖÃ·ÅÉú³Ø°ËÊ®Ò»ËùÓĞ±®_Öİ´ÌÊ·__ÇäÎÄ_ÒÔ¸®ÖÎ__½ÓÇàÏª±±Í¨__Õß_Ö® _Ö¾ ½ñÇØ_Õâ_¸®_Ö®_¼´¹Å·ÅÉú³ØÒ²´¾Îõ_Ê·´ıÖÆÕıÖ¾ÒÆ·ÅÉú³Øì¶ÇàÏª½¨_ÆäÉÏÓö×£_Á¢°à_ÏÂ¸®_ËìÒò_·ÅÉú³Ø_ãúË®ÆäÁ÷ÒàÍ¨ÇàÏªÍõÉĞ__ÒÔÆä³ØÄË×£ _Ö®µØÁ¢°å°ñì¶_ö§Í¤_½û_²¶³Ø½üĞĞÂ·Ë®Éî¶øµÌ²»¹Ì_ÓĞÄçËÀÕß_¹«¹â×æ_¶ø_Ö®³ØÃû·ÅÉú_ÈİÓĞÄçËÀÕßÄËÃüÄÜÈÊËÂÉ®_µÌ_½ÖÁ¢´óÄ¾___×ÔÊÇ_ÄçÕßÒÓÓÖĞŞ_ÇàÏª_Ç°____ÒÔÖì_Éî_ÍôÑó_ÒàÄªÄÜµ½Ò²Ìì»ù_·ÅÉúÆä__×ãÒÔ¿£»ÊÈÊ¶øËìÎïĞÔ__ÇàÏª_ÏÂ
ÇàÏª_ÔÚ¸®ÖÎ_±±ÇàÏªÉÏ±¾Áº½­_¹ÊÕ¬ÖÁ_³¯___Ö®Õ¬ÓĞÍ¤Ô»¸îÇàÈ¡¾£¹«_¸îÎÒ_É½Ò»°ëÇàÖ®¾äÇ¬µÀÎåÄêÇïÒòÒÆ·ÅÉú³Øì¶ÇàÏªÖ®Çú¼´¸îÇà¹Ê»ù½¨_ÑÉ"
39,Jiankang,Jiangnan East Circuit,Jiankang Prefecture,,2,river or stream,unknown,hall,inside,no,yes,no,the Chunxi Period,1174-1189,renovation or relocation and reconstruction,others,no,unknown,¡¶¾°¶¨½¨¿µÖ¾¡¤¾íÊ®¾ÅÉ½´¨Ö¾Èı¡·,"·ÅÉú³Ø°¸___ÌÆÇ¬ÔªÖĞ_ì¶½­_ÇØ»´Ì«Æ½__½­_¹ùÉÏÏÂÎåÀïÖÃ·ÅÉú³Ø°ËÊ®Ò»ËùÓĞ±®_Öİ´ÌÊ·__ÇäÎÄ_ÒÔ¸®ÖÎ__½ÓÇàÏª±±Í¨__Õß_Ö® _Ö¾ ½ñÇØ_Õâ_¸®_Ö®_¼´¹Å·ÅÉú³ØÒ²´¾Îõ_Ê·´ıÖÆÕıÖ¾ÒÆ·ÅÉú³Øì¶ÇàÏª½¨_ÆäÉÏÓö×£_Á¢°à_ÏÂ¸®_ËìÒò_·ÅÉú³Ø_ãúË®ÆäÁ÷ÒàÍ¨ÇàÏªÍõÉĞ__ÒÔÆä³ØÄË×£ _Ö®µØÁ¢°å°ñì¶_ö§Í¤_½û_²¶³Ø½üĞĞÂ·Ë®Éî¶øµÌ²»¹Ì_ÓĞÄçËÀÕß_¹«¹â×æ_¶ø_Ö®³ØÃû·ÅÉú_ÈİÓĞÄçËÀÕßÄËÃüÄÜÈÊËÂÉ®_µÌ_½ÖÁ¢´óÄ¾___×ÔÊÇ_ÄçÕßÒÓÓÖĞŞ_ÇàÏª_Ç°____ÒÔÖì_Éî_ÍôÑó_ÒàÄªÄÜµ½Ò²Ìì»ù_·ÅÉúÆä__×ãÒÔ¿£»ÊÈÊ¶øËìÎïĞÔ__ÇàÏª_ÏÂ
ÇàÏª_ÔÚ¸®ÖÎ_±±ÇàÏªÉÏ±¾Áº½­_¹ÊÕ¬ÖÁ_³¯___Ö®Õ¬ÓĞÍ¤Ô»¸îÇàÈ¡¾£¹«_¸îÎÒ_É½Ò»°ëÇàÖ®¾äÇ¬µÀÎåÄêÇïÒòÒÆ·ÅÉú³Øì¶ÇàÏªÖ®Çú¼´¸îÇà¹Ê»ù½¨_ÑÉ"
40,Jurong,Jiangnan East Circuit,Jiankang Prefecture,Jurong County,1,lake or pond,within 2 li,pavilion,inside,no,unknown,no,the Shaoding Period,1228,initial construction,county chief,yes,unknown,¡¶È«ËÎÎÄµÚÈı°ÙËÄ²á¡¤¾íÁù¾ÅËÄËÄ¡¤±Ù¾äÈİÏØ·ÅÉú³Ø¼Ç¡·,ÇàÔÆ¹Û
41,Nankang,Jiangnan East Circuit,Nankang Military Prefecture,,1,lake or pond,within 2 li,pavilion,no more than 3 li outside,yes,unknown,no,the Chunxi Period,1174-1189,initial construction,prefecture chief,unknown,unknown,£¨Í¬ÖÎ£©ĞÇ×Ó_Ö¾14¾í ĞÇ×Ó_Ö¾¾íÖ®ËÄ ÇåÍ¬ÖÎÊ®Äê¿Ì±¾,·ÅÉú³ØÍ¤ÔÚ_¸£ĞÇ_ÍâËÎ¿¤ÊØÖì¶ËÕÂ½¨½ñ_
42,Ningguo,Jiangnan East Circuit,Ningguo Prefecture,,1,lake or pond,within 2 li,unknown,inside,no,unknown,no,unknown,unknown,unknow,unknown,unknown,unknown,£¨__£©__¸®Ö¾20¾í __¸®Ö¾¾íÆß Ã÷__¿Ì±¾,·ÅÉú³ØÍ¤ ÌÆÇ¬ÔªÖĞ·î_½¨ÔÚ³Ç±±ËÎÇ¬µÀÖĞ¸Ä³ÇÄÏ×£¼ÒÌÁÊØ__ÖÙ¸Ä_´¨_Î÷ÓĞ__Ö¾ÔÆËÎÌììû¶¡ËÈ_½­»´µÈ__ÓĞ·ÅÉú³ØÕß¿£Ö®¼´´Ë
43,Ningguo,Jiangnan East Circuit,Ningguo Prefecture,,2,lake or pond,within 2 li,unknown,inside,no,unknown,no,unknown,unknown,unknow,unknown,unknown,unknown,£¨__£©__¸®Ö¾20¾í __¸®Ö¾¾íÆß Ã÷__¿Ì±¾,·ÅÉú³ØÍ¤ ÌÆÇ¬ÔªÖĞ·î_½¨ÔÚ³Ç±±ËÎÇ¬µÀÖĞ¸Ä³ÇÄÏ×£¼ÒÌÁÊØ__ÖÙ¸Ä_´¨_Î÷ÓĞ__Ö¾ÔÆËÎÌììû¶¡ËÈ_½­»´µÈ__ÓĞ·ÅÉú³ØÕß¿£Ö®¼´´Ë
44,Ningguo,Jiangnan East Circuit,Ningguo Prefecture,,3,river or stream,unknown,bridge,inside,yes,yes,no,the Jiaxi Period,1237-1240,renovation or relocation and reconstruction,unknown,unknown,unknown,£¨__£©__¸®Ö¾20¾í __¸®Ö¾¾íÆß Ã÷__¿Ì±¾,·ÅÉú³ØÍ¤ ÌÆÇ¬ÔªÖĞ·î_½¨ÔÚ³Ç±±ËÎÇ¬µÀÖĞ¸Ä³ÇÄÏ×£¼ÒÌÁÊØ__ÖÙ¸Ä_´¨_Î÷ÓĞ__Ö¾ÔÆËÎÌììû¶¡ËÈ_½­»´µÈ__ÓĞ·ÅÉú³ØÕß¿£Ö®¼´´Ë
45,Xinzhou,Jiangnan East Circuit,Xinzhou,,1,lake or pond,within 2 li,pavilion,inside,yes,unknown,no,the Chunyou Period,1241-1252,renovation or relocation and reconstruction,prefecture chief,yes,unknown,£¨¼Î¾¸£©_ĞÅ¸®Ö¾20¾í _ĞÅ¸®Ö¾¾íËÄ Ã÷¼Î¾¸¿Ì±¾,_ÉúÍ¤ ÔÚ¿¤³ÇÄÏ¾°_ËÂ_Íâ×£_¼È_¼´´Ë·ÅÉúÒòÃûËÎ´¾__¿¤ÊØÕÂ_ÖØ½¨
46,Fuzhou,Jiangnan West Circuit,Fuzhou,,1,lake or pond,2-10 li,pavilion,inside,no,yes,yes,the 2rd year of the Tiansheng Period,1024,initial construction,unknown,no,unknown,¡¶È«ËÎÎÄµÚÈı°ÙËÄÊ®°Ë²á¡¤¾í°Ë_ÎåËÄ¡¤¸§Öİ·ÅÉúÍ¤¼Ç¡·,
47,Chongren,Jiangnan West Circuit,Xinzhou,Chongren County,1,river or stream,unknown,others,no more than 3 li outside,no,yes,no,the 7th year of the Jiayou Period,1062,initial construction,prefecture chief,no,unknown,¡¶È«ËÎÎÄµÚÒ»°Ù¾ÅÊ®Èı²á¡¤¾íËÄ¶şÁùÈı¡¤³çÈÊÏØ·ÅÉú³Ø¼Ç¡·,
48,Ganzhou,Jiangnan West Circuit,Ganzhou Prefecture,,1,lake or pond,within 2 li,pavilion,no more than 3 li outside,yes,yes,no,the Jiatai Period,1201-1204,renovation or relocation and reconstruction,prefecture chief,unknown,unknown,£¨Ìì_£©_Öİ¸®Ö¾20¾í _Öİ¸®Ö¾¾íÖ®¶ş Çå_ÖÎÊ®ÆßÄê¿Ì±¾,·ÅÉú³ØÔÚÎ÷³ÇÍâÖªÕş_ÏÂ°øÓĞÍ¤Ãû_ÕÂ¿¤ÊØ__·ê¸ÄÔ»ÓÀ´¨ËÎ__¹ï__ÌìÏÂ¸÷ÖÃ·ÅÉú³Ø½ñ_
49,Wan'an,Jiangnan West Circuit,Jizhou,Wan'an County,1,lake or pond,2-10 li,pavilion,inside,no,yes,no,unknown,unknown,unknow,unknown,unknown,unknown,£¨Í¬ÖÎ£©_°²_Ö¾20¾í _°²_Ö¾¾íÒ» ÇåÍ¬ÖÎÊ®¶şÄê¿Ì±¾,ÈÊÇ¢Í¤ÔÚ_ÄÏ·ÅÉú³ØÅÔÒòÉñÌ¶ÉÏÏÂÈıÀï_³ØÔªËÎ__ÌìÏÂÁ¢³Ø·ÅÉú½û_²¶ÅÔ½¨Í¤Ô»ÈÊÇ¢áá¸üÔ»´¨Ó¾
50,Yongfeng,Jiangnan West Circuit,Jizhou,Yongfeng County,1,river or stream,unknown,unknown,no more than 3 li outside,no,yes,no,the 15th year of the Shaoxing Period,1145,renovation or relocation and reconstruction,unknown,no,yes,¡¶È«ËÎÎÄµÚÒ»°Ù°ËÊ®Áù²á¡¤¾íËÄ_¾ÅÎå¡¤·ÅÉú³Ø¼Ç¡·,Ç°Õß½ØÏªÎª³Ø
51,Yongfeng,Jiangnan West Circuit,Jizhou,Yongfeng County,2,lake or pond,within 2 li,pavilion,inside,no,yes,no,the 18th year of the Shaoxing Period,1148,renovation or relocation and reconstruction,county chief,no,yes,¡¶È«ËÎÎÄµÚÒ»°Ù°ËÊ®Áù²á¡¤¾íËÄ_¾ÅÎå¡¤·ÅÉú³Ø¼Ç¡·,Ç°Õß½ØÏªÎª³Ø
52,Jianchang,Jiangnan West Circuit,Jianchang Military Prefecture,,1,river or stream,unknown,bridge,no more than 3 li outside,no,yes,no,the 5th year of the Jiayou Period,1056-1063,initial construction,prefecture chief,unknown,unknown,£¨¿µÎõ£©ÄÏ³Ç_Ö¾12¾í ÄÏ³Ç_Ö¾¾íÖ®Ò» Çå¿µ_Ê®¾ÅÄê_ĞŞ±¾,³ÇÍâ_ÓĞÌ«Æ½_ ¶Å_´¨_Íâ__¸¡_ËÎ¼Î_ÎåÄê¿¤ÊØ_ÓĞ¿¡___Ê¯_Ê®Èı_¼ÜÎİÁùÊ®ËÄéºÃû___ÒÔÌì×Ó_ÈÕÊØ¡õ¡õ´Ë·ÅÉú×£_Ò²¼Î¶¨Ê®ÈıÄê_ì¶»ğ¿¤ÊØÍôÃŞ¡õÁî»ÆÒÔ´ó¼ÜÁº_Ê¯ÒÔÍ¨_____¶şÄê¿¤ÊØ¡õÄ¬×÷Í¤_ÖĞÔ»_Éú¾ÅÄê¿¤ÊØ_¿É·î___Ê¯¡õ__ÅëÔ×
53,Nanfeng,Jiangnan West Circuit,Jianchang Military Prefecture,Nanfeng County,1,river or stream,2-10 li,unknown,no more than 3 li outside,no,yes,no,unknown,unknown,unknow,unknown,unknown,unknown,£¨ÕıµÂ£©½¨²ı¸®Ö¾19¾í ½¨²ı¸®Ö¾¾íÖ®Ê®Ò» Ã÷ÕıµÂÊ®¶şÄê¿Ì±¾,·ÅÉú³Ø ÔÚ_ÄÏ_Ë®ÉÏ×Ô½ğ_Ì¶ÏÂÖÁÉñ__ËÎ_ÌìÏÂÁ¢·ÅÉú³ØÓĞË¾½û_Ôª³õ½û³Ú¶ø³ØÃû_´æ
54,Jiangzhou,Jiangnan West Circuit,Jiangzhou,,1,lake or pond,2-10 li,pavilion,no more than 3 li outside,no,yes,yes,the 5th year of the Shaoxi Period,1194,renovation or relocation and reconstruction,prefecture chief,no,yes,¡¶È«ËÎÎÄµÚ¶ş°Ù¾ÅÊ®²á¡¤¾íÁùÎå¾ÅÆß¡¤½­ÖİÖØ½¨ÑÌË®Í¤¼Ç¡·,
55,Wuning,Jiangnan West Circuit,Longxing Prefecture,Wuning County,1,lake or pond,within 2 li,pavilion,no more than 3 li outside,no,yes,yes,unknown,unknown,unknow,unknown,unknown,unknown,£¨¼Î¾¸£©½­Î÷Í¨Ö¾37¾í ½­Î÷Í¨Ö¾¾íÖ®ËÄ Ã÷¼Î¾¸¿Ì±¾,_Ì¶ ÔÚÎä__Ò»ÀïÆäÉî_ÕÉËÎ_ÖÃ·ÅÉú³ØÓÚÆä_áá½¨·ÅÉúÍ¤Ì¶Ö®½ü°¶ÓĞ_Ê¯Ãû_Ì¶Ê¯___Õß¶à¿Ì_ÆäÉÏ
56,Nan'an,Jiangnan West Circuit,Nan'an Military Prefecture,,1,river or stream,2-10 li,pavilion,no more than 3 li outside,yes,yes,no,the Tianxi Period,1017-1021,initial construction,unknown,unknown,unknown,£¨¼Î¾¸£©ÄÏ°²¸®Ö¾35¾í ÄÏ°²¸®Ö¾¾íÖ®¾Å Ã÷¼Î¾¸Ê®ÎåÄê¿Ì±¾,·ÅÉú³Ø ËÎÌììûÖĞÖÃÒÔ×£_×Ô¸¡_ÖÁÊ¯±Ú²¶_ÓĞ½ûÖª_Àî´óÕı_Í¤ÆäÉÏ±âÔ»ºÃÉú___Ñå³õ_Ö®½ñÍö
57,Xingguo,Jiangnan West Circuit,Xingguo Military Prefecture,,1,lake or pond,within 2 li,pavilion,inside,no,unknown,no,unknown,unknown,unknow,unknown,no,unknown,¡¶ÓßµØ¼ÍÊ¤¡¤¾íÈıÊ®Èı¡¤¾°ÎïÏÂ¡·,
58,Pingxiang,Jiangnan West Circuit,Yuanzhou,Pingxiang County,1,unknown,unknown,pavilion,inside,no,unknown,no,the Shaoxing Period,1131-1162,initial construction,county chief,unknown,unknown,£¨Í¬ÖÎ£©Æ¼__Ö¾10¾í Æ¼__Ö¾¾íÒ» ÇåÍ¬ÖÎÊ®Ò»Äê¿¯±¾,_Ó¾_ÔÚ_ÖÎÎ÷ËÎ_____·ÅÉúÍ¤ááÖª_Íõ_½¨ÊÇ_È¡___Ó¾Ö®_ÅÔÓĞ_ÇåÍ¤Ôª»ÙºéÎä³õÖØ½¨½ñÛÜ
59,Junzhou,Jiangxi South Circuit,Junzhou,,1,river or stream,unknown,unknown,no more than 3 li outside,no,yes,no,unknown,unknown,unknow,unknown,no,unknown,¡¶½¨Ñ×ÒÔÀ´ÏµÄêÒªÂ¼¡¤¾íÒ»°ÙÆßÊ®Æß¡·,
60,Ezhou,Jinghu North Circuit,Ezhou,,1,lake or pond,within 2 li,unknown,inside,no,unknown,no,the Chunxi Period,1174-1189,initial construction,prefecture chief,unknown,unknown,£¨Ç¬Â¡£©½­ÏÄ_Ö¾15¾í ½­ÏÄ_Ö¾¾íÖ®Ò» ÇåÇ¬Â¡ÎåÊ®¾ÅÄê¿Ì±¾,·ÅÉú³ØÔÚ³ÇÄÚËÎ´¾_¿¤ÊØÍõ_Êè_Á¢
61,Fuzhou,Jinghu North Circuit,Fuzhou,,1,lake or pond,within 2 li,unknown,no more than 3 li outside,no,yes,no,the Tiansheng Period,1023-1032,initial construction,prefecture chief,no,unknown,¡¶È«ËÎÎÄµÚ¶şÊ®ËÄ²á¡¤¾íÎåÒ»¾Å¡¤·ÅÉú³Ø¼Ç¡·,
62,Xinyang,Jinghu North Circuit,Xinyang Military Prefecture,,1,lake or pond,within 2 li,unknown,inside,no,unknown,no,unknown,unknown,unknow,unknown,no,unknown,¡¶ÓßµØ¼ÍÊ¤¡¤¾íµÚ°ËÊ®¡¤¾°ÎïÏÂ¡·,
63,Xiangyin,Jinghu South Circuit,Tanzhou,Xiangyin County,1,lake or pond,2-10 li,pavilion,no more than 3 li outside,no,yes,yes,the 2rd year of the Baoyou Period,1254,renovation or relocation and reconstruction,county chief,no,unknown,¡¶È«ËÎÎÄµÚÈı°ÙÎåÊ®Ò»²á¡¤¾í°ËÒ»¶ş¶ş¡¤¶«ºş·ÅÉúÍ¤¼Ç¡·,
64,Chuzhou,Liangzhe East Circuit,Chuzhou,,1,lake or pond,within 2 li,pavilion,inside,yes,unknown,no,the 15th year of the Shaoxing Period,1145,initial construction,prefecture chief,unknown,unknown,£¨³É»¯£©_Öİ¸®Ö¾18¾íÊ×1¾í _Öİ¸®_¾íµÚÈı Ã÷³É»¯¶şÊ®¶şÄê¿Ì±¾,_³ØÔÚÍ¨»İ_ÄÚ_¿ı·»Ö®Î÷_ÇåÏã_ÏÂå©Ë®ÏàÍ¨____¼´¹ÅÖ®·ÅÉú³ØËÎ__Ê®ÎåÄêÖª¸®Ğì¶È½¨·ÅÉúÍ¤ÓÚÆäÉÏ___Ö®_Í¤¾Ã_´óÔª_Æä³Ø¾ÓÃñ_ÑÉ½ñÃñ¶à¼ÜÎİÆäÉÏ¾ÓÖ®
65,Qingyuan,Liangzhe East Circuit,Qingyuan Prefecture,,1,lake or pond,within 2 li,hall,3-10 li outside,no,yes,no,unknown,unknown,unknow,unknown,yes,unknown,¡¶±¦ÇìËÄÃ÷Ö¾¡¤¾íÊ®Ò»¡·¡¶È«ËÎÎÄµÚÊ®ËÄ²á¡¤¾í¶şÆßÎå¡¤ë·ÑÓÇìÔº·ÅÉú³Ø±®Ãú¡·,_¸£Ë®_Ôº×Ó³ÇÎ÷ÄÏÈıÀï°ë__Ë®_Ú¤µÀÔºË×_Ö®ºşĞÄËÂ»Ê³¯ÖÎÆ½ÖĞ½¨ __¸Ä__Ôº
66,Changguo,Liangzhe East Circuit,Qingyuan Prefecture,Changguo County,1,unknown,unknown,unknown,unknown,unknown,unknown,unknown,unknown,unknown,unknow,others,no,unknown,¡¶±¦ÇìËÄÃ÷Ö¾¡¤¾í¶şÊ®¡·,´óÉúÌÃ Ö÷²¾Íõ×Óºà½¨Áî_´óÖÒ__¶÷²¨Í¤Ïà_ÄË×£ __·ÅÉúÖ®ËùÒ² 
67,Xiangshan,Liangzhe East Circuit,Qingyuan Prefecture,Xiangshan County,1,lake or pond,within 2 li,pavilion,no more than 3 li outside,no,unknown,no,unknown,unknown,unknow,unknown,no,unknown,¡¶±¦ÇìËÄÃ÷Ö¾¡¤¾í¶şÊ®Ò»¡·,·ÅÉú³Ø_ÄÏ°Ù²½
68,Shaoxing,Liangzhe East Circuit,Shaoxing Prefecture,,1,lake or pond,more than 10 li,pavilion,3-10 li outside,no,yes,yes,unknown,unknown,unknow,unknown,no,unknown,¡¶¼ÎÌ©»á»üÖ¾¡¤¾íÁù¡·,ÊÒ_ºşÔÚ_Ö®ÏÂ_·ÅÉú³Ø_³ØÓĞÏÌÈôÍ¤ÓÖÓĞÃ÷___ÇÚÍ¤_ÇÚÈ¡
69,Shangyu,Liangzhe East Circuit,Shaoxing Prefecture,Shangyu County,1,lake or pond,within 2 li,unknown,no more than 3 li outside,no,unknown,no,unknown,unknown,unknow,unknown,no,unknown,¡¶¼ÎÌ©»á»üÖ¾¡¤¾íÊ®¡·,ÉÏÓİ_·ÅÉú³ØÔÚ_ÄÏ¶ş°Ù²½
70,Shengxian,Liangzhe East Circuit,Shaoxing Prefecture,Shengxian County,1,lake or pond,within 2 li,pavilion,no more than 3 li outside,no,unknown,no,unknown,unknown,unknow,unknown,no,unknown,¡¶¼ÎÌ©»á»üÖ¾¡¤¾íÊ®¡·¡¶ØßÂ¼¡¤¾íÒ»¡·,·ÅÉú³Ø³ö±±_°ëÀïÓĞÍ¤Ãû¶÷²¨Í¤Ö®Ç°áá½ÔÓĞ³Ø
71,Xinchang,Liangzhe East Circuit,Shaoxing Prefecture,Xinchang County,1,lake or pond,within 2 li,pavilion,inside,no,unknown,no,the Qingyuan Period,1195-1201,initial construction,county chief,yes,unknown,£¨Ç¬Â¡£©ĞÂ²ı_Ö¾25¾í ĞÂ²ı_Ö¾¾íÖ®Áù ÇåÇ¬Â¡ÎåÊ®°ËÄêÔöĞŞ±¾,_½äËÂ ÔÚ_ÖÎ±±ËÂÓĞÖñÎ÷Í¤ËÎÖÆÃ¿Óö__ì¶Í¤·ÅÉúÒÔÉì_×£_ÔªÁùÄêÖª_ÌÕÔøì¶ËÂ±ğ_·ÅÉúÍ¤¾ã¾Ã_
72,Yuyao,Liangzhe East Circuit,Shaoxing Prefecture,Yuyao County,1,lake or pond,2-10 li,others,inside,no,unknown,no,unknown,unknown,unknow,unknown,no,unknown,¡¶¼ÎÌ©»á»üÖ¾¡¤¾íÊ®¡·,_Ò¦_·ÅÉú³ØÔÚ_ÄÏÒÔ_Î÷¸÷Ò»°ÙÎåÊ®²½Á¢Ê¯_½çÂ¡_¸ÄÔªÖª_ÊÂÍõ ¶È
73,Zhuji,Liangzhe East Circuit,Shaoxing Prefecture,Zhuji County,1,lake or pond,more than 10 li,bridge,no more than 3 li outside,yes,yes,no,unknown,unknown,unknow,unknown,no,unknown,¡¶¼ÎÌ©»á»üÖ¾¡¤¾íÊ®¡·,·ÅÉú³ØÔÚ__¶şÀïÖÜËÄÊ®ÀïÒ»Ãû·ÅÉúºşÌÆÌì_ÖĞ_Áî¹ùÃÜÖ®__ÌÁ¸ÈÌï¶şÊ®__³ØĞÄÓĞĞ¡É½_Èç___É½Æä_ÓĞºçÁº±â·ÅÉú_
74,Taizhou,Liangzhe East Circuit,Taizhou,,1,lake or pond,within 2 li,unknown,no more than 3 li outside,no,yes,no,unknown,unknown,unknow,unknown,no,unknown,¡¶¼Î¶¨³à³ÇÖ¾¡¤¾íÈı¡¤µØÀïÃÅÈı¡·,_ÄÏÓĞÍ¤Óö×£__ì¶ÆäµØ·ÅÉúÑÉ
75,Taizhou,Liangzhe East Circuit,Taizhou,,2,river or stream,unknown,bridge,no more than 3 li outside,yes,yes,no,unknown,unknown,unknow,unknown,no,unknown,¡¶¼Î¶¨³à³ÇÖ¾¡¤¾íÈı¡¤µØÀïÃÅÈı¡·,_ÄÏÓĞÍ¤Óö×£__ì¶ÆäµØ·ÅÉúÑÉ
76,Ninghai,Liangzhe East Circuit,Taizhou,Ninghai County,1,lake or pond,within 2 li,others,unknown,unknown,unknown,unknown,the Shaoxing Period,1131-1162,initial construction,county chief,yes,unknown,¡¶È«ËÎÎÄµÚ¶ş°Ù²á¡¤¾íËÄËÄ¶şËÄ¡¤·ÅÉú³Ø±®¡·,ÃîÏàËÂÖ®¾É³Ø
77,Yiwu,Liangzhe East Circuit,Wuzhou,Yiwu County,1,lake or pond,2-10 li,pavilion,no more than 3 li outside,no,yes,yes,the Shaoxing Period,1131-1162,initial construction,county chief,unknown,unknown,£¨¼Î¾¸£©Õã½­Í¨Ö¾72¾í Õã½­Í¨Ö¾¾íÁù Ã÷¼Î¾¸ËÄÊ®Äê¿¯±¾,_´¨ºşÔÚ_Î÷Ò»°ÙÎåÊ®²½ÖÜ»Ø¾ÅÀï_ÌïÉõ_É½´¨»¨Ä¾ÑÚÓ³Èç_¹ÊÔ»_´¨×ÔÎôºÃÊÂÕßÍùÍù½¨Í¤_ÓÚÉÏÒÔ_Íæ_ËÎ____Áî¶­_×à__·ÅÉú³Ø_ÌïÈç_Î¨½û_²¶½ñ¾°Ì©_ÖØ¼Ó_ÖÎ¹à¸È_²¶Î©ÃñËùÀûÒÓ
78,Anji,Liangzhe West Circuit,Anjizhou,,1,lake or pond,within 2 li,hall,inside,no,unknown,no,unknown,unknown,unknow,unknown,no,unknown,¡¶¼ÎÌ©ÎâĞËÖ¾¡¤¾í¶ş¡·,·ÅÉú³ØÔÚºşÖİ¸®ÄÜÈÊËÂ_ÖÜ»Ø_Ê®__±±¾à_³ÇÓĞ____
79,Deqing,Liangzhe West Circuit,Anjizhou,Deqing County,1,river or stream,within 2 li,pavilion,inside,no,yes,no,unknown,unknown,unknow,unknown,yes,unknown,£¨¿µÎõ£©µÂÇå__10¾í µÂÇå__¾íÖ®Ò» __Çå¿µÎõÊ®¶şÄê¿Ì±¾,·ÅÉú³Ø ÔÚÇ¬ÔªËÂÖ®Î÷ËÎ_Ã¿Óö___¾Í×ó_Í¤·ÅÉúÏªÉÏÒò¾ÃÛİÃ÷³ç_ÄêÖØ_
80,Changzhou,Liangzhe West Circuit,Changzhou,,1,unknown,unknown,pavilion,no more than 3 li outside,yes,unknown,no,unknown,unknown,unknow,unknown,no,unknown,¡¶ÏÌ´¾ÅşÁêÖ¾¡¤¾íÎå¹ÙËÂ¡·,·ÅÉúÍ¤_ÔÚĞĞ´º_Ö®Î÷±±áááã¿¤ÆÔ¾»_Í¤ááÓÖáã_Ö®Î÷´¾__ÍõÊØ¹çáãĞĞ´º_Ö®_ÄÏ
81,Changzhou,Liangzhe West Circuit,Changzhou,,2,unknown,unknown,pavilion,inside,no,unknown,no,unknown,unknown,unknow,unknown,no,unknown,¡¶ÏÌ´¾ÅşÁêÖ¾¡¤¾íÎå¹ÙËÂ¡·,·ÅÉúÍ¤_ÔÚĞĞ´º_Ö®Î÷±±áááã¿¤ÆÔ¾»_Í¤ááÓÖáã_Ö®Î÷´¾__ÍõÊØ¹çáãĞĞ´º_Ö®_ÄÏ
82,Changzhou,Liangzhe West Circuit,Changzhou,,3,unknown,unknown,pavilion,no more than 3 li outside,no,unknown,no,unknown,unknown,unknow,unknown,no,unknown,¡¶ÏÌ´¾ÅşÁêÖ¾¡¤¾íÎå¹ÙËÂ¡·,·ÅÉúÍ¤_ÔÚĞĞ´º_Ö®Î÷±±áááã¿¤ÆÔ¾»_Í¤ááÓÖáã_Ö®Î÷´¾__ÍõÊØ¹çáãĞĞ´º_Ö®_ÄÏ
83,Changzhou,Liangzhe West Circuit,Changzhou,,4,unknown,unknown,pavilion,no more than 3 li outside,yes,unknown,no,the Chunyou Period,1241-1252,renovation or relocation and reconstruction,unknown,no,unknown,¡¶ÏÌ´¾ÅşÁêÖ¾¡¤¾íÎå¹ÙËÂ¡·,·ÅÉúÍ¤_ÔÚĞĞ´º_Ö®Î÷±±áááã¿¤ÆÔ¾»_Í¤ááÓÖáã_Ö®Î÷´¾__ÍõÊØ¹çáãĞĞ´º_Ö®_ÄÏ
84,Yixing,Liangzhe West Circuit,Changzhou,Yixing County,1,unknown,unknown,pavilion,inside,no,unknown,no,unknown,unknown,unknow,unknown,no,unknown,¡¶ÏÌ´¾ÅşÁêÖ¾¡¤¾íÎå¹ÙËÂ¡·,Ó¾_Í¤_ÃûÅªÖÛÔÚÓ­__Ç°½ñ_·ÅÉúÖ®Ëù¹ÊÃûÖØĞŞÅşÁêÖ¾¾íµÚÎå
85,Jiaxing,Liangzhe West Circuit,Jiaxing Prefecture,,1,lake or pond,within 2 li,unknown,no more than 3 li outside,no,yes,no,unknown,unknown,unknow,unknown,no,unknown,¡¶ÓßµØ¼ÍÊ¤¡¤¾íµÚÈı¡¤¾°ÎïÏÂ¡·,ÔÚ¼Î__Î÷±±Ò»Àï¡£ÌÆ´ÌÊ·¶¡ÑÓ_µÃ½ğ__ÓÚ´Ë£¬¹Ê_Ö®½ğ_³Ø¡£½ñ_·ÅÉú³Ø¡£
86,Ganpu,Liangzhe West Circuit,Jiaxing Prefecture,Haiyan County,1,harbor,unknown,pavilion,3-10 li outside,no,yes,no,unknown,unknown,unknow,unknown,no,unknown,¡¶ä÷Ë®Ö¾¡¤ÉÏ¡·,·ÅÉú³ØÄÏ¶ÉÒÔ_±¾__Í¤ÓÚº£_ÊÕË°_½ñÖ®ÏÒ_Í¤Ò²Í¤Ö®__Ğ¡äĞÃ¿Óö ___¹ÙÂÊºÏ__ÈÎ¼Ä¾ÓÎÄÎä_°àÓÚ´Ë×£_·ÅÉú
87,Huating,Liangzhe West Circuit,Jiaxing Prefecture,Huating County,1,lake or pond,2-10 li,hall,inside,no,unknown,no,unknown,unknown,unknow,unknown,no,unknown,¡¶ÔÆ¼äÖ¾¡¤¾íÉÏ¡·,_è£__³Ø ÌÆÑåéà_Í¤Ê®_°´__ÔÚ_Î÷½ñÃûè£ºşÀÉ__Ëù¾ÓÏà_ÓĞÕ¬»ù´æÑÉ¶ø´óÖĞÏé·û__è£ºşÔÚ_Î÷±±ÈıÊ®ÎåÀïÖÜ_¾ÅÀïÎâÉĞ_____³ØÒòÒÔ_Ãû½ñ_Ö®Î÷ÄÏÓçÓĞ_ÙóÈıÀï¼´_ºşÒ²ÖĞÓĞÌÃ»ù½ñ_·ÅÉú³Ø
88,Jiangyin,Liangzhe West Circuit,Jiangyin Military Prefecture,,1,lake or pond,2-10 li,others,more than 10 li outside,no,yes,yes,the Shaoxing Period,1131-1162,initial construction,prefecture chief,no,unknown,¡¶È«ËÎÎÄµÚ¶ş°ÙÒ»Ê®²á¡¤¾íËÄÁùÆß_¡¤ÉÜĞËĞÂ´´·ÅÉú³Ø±®¼Ç¡·,·ÅÉú³ØÔÚ__ÈıÊ®ÎåÀïËù__ºşÊÇÒ²Ë®ËÄÖÜ__ÅÔÓĞÒ»Ê¯ĞÎÈç___Ê®ÁùÄê_Á¢³ØÃû__ËùÔÚÇàÉ½ËÎÖ¾ÔÆ¸É___¾ÅËùÊ¯·¤ÔÚ_É½·¤_ÁùÊ®_ÇØÊ¼»ÊÓûÒÔ¸¡º£ÒàÔ»·¤ÁºÃæÆ½_ÕÉ_½­Á÷ÖĞË®_²»Ã»ºÔÒà²»¸ß_
89,Lin'an,Liangzhe West Circuit,Linan Prefecture,,1,lake or pond,more than 10 li,hall,no more than 3 li outside,no,yes,yes,the Tianxi Period,1017-1021,initial construction,prefecture chief,yes,unknown,¡¶ÏÌ´¾ÁÙ°²Ö¾¡¤¾íÈıÊ®¶şÉ½´¨Ê®Ò»¡·¡¶È«ËÎÎÄµÚÊ®ËÄ²á¡¤¾í¶ş°ËÒ»¡¤º¼Öİ·ÅÉú³Ø¼Ç¡·,×ÔÊÇÒÔ_Ã¿_ËÄÔÂ°Ë¡¡ÈÕ¿¤ÈË___ì¶ºşÉÏËù»îÓğÃ«_½éÒÔ°Ù__
90,Changhua,Liangzhe West Circuit,Linan Prefecture,Changhua County,1,lake or pond,within 2 li,unknown,no more than 3 li outside,no,unknown,no,unknown,unknown,unknow,unknown,yes,unknown,¡¶ÏÌ´¾ÁÙ°²Ö¾¡¤¾íÈıÊ®°ËÉ½´¨Ê®Æß¡·,ÔÚÏØÎ÷ÖÎÆ½ËÂ
91,Fuyang,Liangzhe West Circuit,Linan Prefecture,Fuyang County,1,lake or pond,within 2 li,others,no more than 3 li outside,no,unknown,no,unknown,unknown,unknow,unknown,yes,unknown,¡¶ÏÌ´¾ÁÙ°²Ö¾¡¤¾íÈıÊ®°ËÉ½´¨Ê®Æß¡·¡¶È«ËÎÎÄµÚÒ»°Ù¾ÅÊ®¶ş²á¡¤¾íËÄ¶ş¶ş¾Å¡¤·ÅÉú³Ø¼Ç¡·,_ÔÚ__µ¤Ï¼_×ó__¶şÊ®ÄêÁî__½¨Î¾_Ñå¶Ë_¡¡ááÁî³Ì_ÒÆÖÃÍ¨__ÉÏ
92,Fuyang,Liangzhe West Circuit,Linan Prefecture,Fuyang County,2,river or stream,unknown,pavilion,no more than 3 li outside,yes,yes,yes,the 20th year of the Shaoxing Period,1150,renovation or relocation and reconstruction,county chief,no,yes,¡¶ÏÌ´¾ÁÙ°²Ö¾¡¤¾íÈıÊ®°ËÉ½´¨Ê®Æß¡·¡¶È«ËÎÎÄµÚÒ»°Ù¾ÅÊ®¶ş²á¡¤¾íËÄ¶ş¶ş¾Å¡¤·ÅÉú³Ø¼Ç¡·,_ÔÚ__µ¤Ï¼_×ó__¶şÊ®ÄêÁî__½¨Î¾_Ñå¶Ë_¡¡ááÁî³Ì_ÒÆÖÃÍ¨__ÉÏ
93,Xincheng,Liangzhe West Circuit,Linan Prefecture,Xincheng County,1,lake or pond,within 2 li,others,3-10 li outside,no,yes,yes,unknown,unknown,unknow,unknown,yes,unknown,¡¶ÏÌ´¾ÁÙ°²Ö¾¡¤¾íÈıÊ®°ËÉ½´¨Ê®Æß¡·¡¶È«ËÎÎÄµÚ¶ş°ÙÒ»Ê®¾Å²á¡¤¾íËÄ°ËÁùÁù¡¤·ÅÉú³Ø¼Ç¡·,
94,Yanguan,Liangzhe West Circuit,Linan Prefecture,Yanguan County,1,lake or pond,within 2 li,others,inside,no,unknown,no,unknown,unknown,unknow,unknown,yes,unknown,¡¶ÏÌ´¾ÁÙ°²Ö¾¡¤¾íÈıÊ®°ËÉ½´¨Ê®Æß¡·¡¶È«ËÎÎÄµÚ¶ş°Ù¾ÅÊ®Èı²á¡¤¾íÁùÁù°Ë¶ş¡¤·ÅÉú³ØÍ¤¼Ç¡·,¾ÉÔÚ°²¹úËÂÖ®×ó£¬ºóĞÂ½¨ÃæºÓÎªÍ¤Èı¼ä
95,Yanguan,Liangzhe West Circuit,Linan Prefecture,Yanguan County,2,river or stream,unknown,hall,inside,no,yes,no,ÇìÔªËÄÄê,1198,renovation or relocation and reconstruction,county chief,no,yes,¡¶ÏÌ´¾ÁÙ°²Ö¾¡¤¾íÈıÊ®°ËÉ½´¨Ê®Æß¡·¡¶È«ËÎÎÄµÚ¶ş°Ù¾ÅÊ®Èı²á¡¤¾íÁùÁù°Ë¶ş¡¤·ÅÉú³ØÍ¤¼Ç¡·,¾ÉÔÚ°²¹úËÂÖ®×ó£¬ºóĞÂ½¨ÃæºÓÎªÍ¤Èı¼ä
96,Yuqian,Liangzhe West Circuit,Linan Prefecture,Yuqian County,1,lake or pond,within 2 li,unknown,no more than 3 li outside,no,unknown,no,unknown,unknown,unknow,unknown,yes,unknown,¡¶ÏÌ´¾ÁÙ°²Ö¾¡¤¾íÈıÊ®°ËÉ½´¨Ê®Æß¡·,_ÔÚ_ÄÏ_¸£Ôº__ÎõÖĞÁîÉÛÎÄ±ş½¨¸¡Ïª_ÒòáãÏª¡¡ÉÏ
97,Yuqian,Liangzhe West Circuit,Linan Prefecture,Yuqian County,2,river or stream,unknown,bridge,no more than 3 li outside,yes,yes,no,the Shaoxi Period,1190-1194,renovation or relocation and reconstruction,county chief,no,unknown,¡¶ÏÌ´¾ÁÙ°²Ö¾¡¤¾íÈıÊ®°ËÉ½´¨Ê®Æß¡·,_ÔÚ_ÄÏ_¸£Ôº__ÎõÖĞÁîÉÛÎÄ±ş½¨¸¡Ïª_ÒòáãÏª¡¡ÉÏ
98,Changshu,Liangzhe West Circuit,Pingjiang Prefecture,Changshu County,1,lake or pond,within 2 li,others,no more than 3 li outside,no,unknown,no,the 4th year of the Qingyuan Period,unknown,unknow,unknown,yes,unknown,¡¶ÇÙ´¨Ö¾¡¤¾íÒ»ĞğÏØ¡·,·ÅÉú³Ø_¼´ÆÆÉ½_¸£ËÂ°×_³Ø_Ö®Ç¬µÀ_Áî_ÉÆÀ¨¡¡¡¡¸Ä¾Í_Ëş³ç½Ì_¸£ËÂ¡¡
99,Changshu,Liangzhe West Circuit,Pingjiang Prefecture,Changshu County,2,lake or pond,within 2 li,others,no more than 3 li outside,no,unknown,no,the Qiandao Period,1165-1173,renovation or relocation and reconstruction,county chief,yes,unknown,¡¶ÇÙ´¨Ö¾¡¤¾íÒ»ĞğÏØ¡·,·ÅÉú³Ø_¼´ÆÆÉ½_¸£ËÂ°×_³Ø_Ö®Ç¬µÀ_Áî_ÉÆÀ¨¡¡¡¡¸Ä¾Í_Ëş³ç½Ì_¸£ËÂ¡¡
100,Kunshan,Liangzhe West Circuit,Pingjiang Prefecture,Kunshan County,1,lake or pond,within 2 li,others,no more than 3 li outside,no,unknown,no,unknown,unknown,unknow,unknown,yes,unknown,¡¶Óñ·åÖ¾¡¤¾íÏÂ¡·¡¶È«ËÎÎÄµÚÈı°ÙËÄÊ®Áù²á¡¤¾íÆß¾Å¾Å¾Å¡¤°ÏÓùÊé·ÅÉú³Ø±®¡·,
101,Yanzhou,Liangzhe West Circuit,Yanzhou,,1,lake or pond,2-10 li,others,inside,no,yes,yes,the 1st year of the Jiangkang Period,1126,initial construction,prefecture chief,yes,unknown,¡¶´¾ÎõÑÏÖİÍ¼¾­¡¤¾í¶ş¡·,ºşÔÚ°²Ì©_Íâ_ÈáÎå°ÙËÄÊ®¶şÕÉÌÆÏÌÍ¨ÖĞØİÊ·Ù¹__ÖÃ_·½¸É¼¯ÓĞºî¼´ÖĞĞÂÖÃÎ÷ºş__ÓĞÒ»Ï¦___¹Å´æÖ®¾ä __ÖİÔÚÆäÖĞ _³¯¾¸¿µÔªÄêÖªÖİÁèÌÆ×ôÉêÆò³ä·ÅÉú³Ø_½ñ²»_³Ø
102,Chun'an,Liangzhe West Circuit,Yanzhou,Chun'an County,1,river or stream,unknown,pavilion,inside,no,yes,no,unknown,unknown,unknow,unknown,no,unknown,¡¶¾°¶¨ÑÏÖİĞøÖ¾¡¤¾íÁù¡·,__Í¤ÔÚ_Î÷_Ïª_×£_·ÅÉúÖ®Ëù
103,Chun'an,Liangzhe West Circuit,Yanzhou,Chun'an County,1,unknown,unknown,pavilion,no more than 3 li outside,no,unknown,no,unknown,unknown,unknow,unknown,no,unknown,¡¶¾°¶¨ÑÏÖİĞøÖ¾¡¤¾í¾Å¡·,ÏÌÈôÍ¤ÔÚ__¶şÀï_×£_·ÅÉúÖ®Ëù
104,Zhengjiang,Liangzhe West Circuit,Zhengjiang Prefecture,,1,lake or pond,within 2 li,pavilion,inside,no,unknown,no,the 15th year of the Jiading Period,1222,renovation or relocation and reconstruction,prefecture chief,no,unknown,¡¶¼Î¶¨Õò½­Ö¾¡¤¾íÁù¡·¡¶È«ËÎÎÄµÚÈı°ÙÒ»²á¡¤¾íÁù°ËÆßÎå¡¤·ÅÉú³Ø¼Ç¡·,
105,Jintan,Liangzhe West Circuit,Zhengjiang Prefecture,Jintan County,1,lake or pond,within 2 li,pavilion,no more than 3 li outside,no,unknown,no,the 18th year of the Shaoxing Period,1148,initial construction,county chief,no,unknown,¡¶È«ËÎÎÄµÚÒ»°ÙÁùÊ®°Ë²á¡¤¾íÈıÁùÆß°Ë¡¤½ğÌ³ÏØ·ÅÉú³Ø¼Ç¡·,